<?xml version="1.0"?>
<doc>
    <assembly>
        <name>Microsoft.Extensions.Configuration.NewtonsoftJson</name>
    </assembly>
    <members>
        <member name="T:Microsoft.Extensions.Configuration.NewtonsoftJsonConfigurationExtensions">
            <summary>
            Extension methods for adding <see cref="T:Microsoft.Extensions.Configuration.NewtonsoftJson.NewtonsoftJsonConfigurationProvider"/>.
            </summary>
        </member>
        <member name="M:Microsoft.Extensions.Configuration.NewtonsoftJsonConfigurationExtensions.AddNewtonsoftJsonFile(Microsoft.Extensions.Configuration.IConfigurationBuilder,System.String)">
            <summary>
            Adds the JSON configuration provider at <paramref name="path"/> to <paramref name="builder"/>.
            </summary>
            <param name="builder">The <see cref="T:Microsoft.Extensions.Configuration.IConfigurationBuilder"/> to add to.</param>
            <param name="path">Path relative to the base path stored in 
            <see cref="P:Microsoft.Extensions.Configuration.IConfigurationBuilder.Properties"/> of <paramref name="builder"/>.</param>
            <returns>The <see cref="T:Microsoft.Extensions.Configuration.IConfigurationBuilder"/>.</returns>
        </member>
        <member name="M:Microsoft.Extensions.Configuration.NewtonsoftJsonConfigurationExtensions.AddNewtonsoftJsonFile(Microsoft.Extensions.Configuration.IConfigurationBuilder,System.String,System.Boolean)">
            <summary>
            Adds the JSON configuration provider at <paramref name="path"/> to <paramref name="builder"/>.
            </summary>
            <param name="builder">The <see cref="T:Microsoft.Extensions.Configuration.IConfigurationBuilder"/> to add to.</param>
            <param name="path">Path relative to the base path stored in 
            <see cref="P:Microsoft.Extensions.Configuration.IConfigurationBuilder.Properties"/> of <paramref name="builder"/>.</param>
            <param name="optional">Whether the file is optional.</param>
            <returns>The <see cref="T:Microsoft.Extensions.Configuration.IConfigurationBuilder"/>.</returns>
        </member>
        <member name="M:Microsoft.Extensions.Configuration.NewtonsoftJsonConfigurationExtensions.AddNewtonsoftJsonFile(Microsoft.Extensions.Configuration.IConfigurationBuilder,System.String,System.Boolean,System.Boolean)">
            <summary>
            Adds the JSON configuration provider at <paramref name="path"/> to <paramref name="builder"/>.
            </summary>
            <param name="builder">The <see cref="T:Microsoft.Extensions.Configuration.IConfigurationBuilder"/> to add to.</param>
            <param name="path">Path relative to the base path stored in 
            <see cref="P:Microsoft.Extensions.Configuration.IConfigurationBuilder.Properties"/> of <paramref name="builder"/>.</param>
            <param name="optional">Whether the file is optional.</param>
            <param name="reloadOnChange">Whether the configuration should be reloaded if the file changes.</param>
            <returns>The <see cref="T:Microsoft.Extensions.Configuration.IConfigurationBuilder"/>.</returns>
        </member>
        <member name="M:Microsoft.Extensions.Configuration.NewtonsoftJsonConfigurationExtensions.AddNewtonsoftJsonFile(Microsoft.Extensions.Configuration.IConfigurationBuilder,Microsoft.Extensions.FileProviders.IFileProvider,System.String,System.Boolean,System.Boolean)">
            <summary>
            Adds a JSON configuration source to <paramref name="builder"/>.
            </summary>
            <param name="builder">The <see cref="T:Microsoft.Extensions.Configuration.IConfigurationBuilder"/> to add to.</param>
            <param name="provider">The <see cref="T:Microsoft.Extensions.FileProviders.IFileProvider"/> to use to access the file.</param>
            <param name="path">Path relative to the base path stored in 
            <see cref="P:Microsoft.Extensions.Configuration.IConfigurationBuilder.Properties"/> of <paramref name="builder"/>.</param>
            <param name="optional">Whether the file is optional.</param>
            <param name="reloadOnChange">Whether the configuration should be reloaded if the file changes.</param>
            <returns>The <see cref="T:Microsoft.Extensions.Configuration.IConfigurationBuilder"/>.</returns>
        </member>
        <member name="M:Microsoft.Extensions.Configuration.NewtonsoftJsonConfigurationExtensions.AddNewtonsoftJsonFile(Microsoft.Extensions.Configuration.IConfigurationBuilder,System.Action{Microsoft.Extensions.Configuration.NewtonsoftJson.NewtonsoftJsonConfigurationSource})">
            <summary>
            Adds a JSON configuration source to <paramref name="builder"/>.
            </summary>
            <param name="builder">The <see cref="T:Microsoft.Extensions.Configuration.IConfigurationBuilder"/> to add to.</param>
            <param name="configureSource">Configures the source.</param>
            <returns>The <see cref="T:Microsoft.Extensions.Configuration.IConfigurationBuilder"/>.</returns>
        </member>
        <member name="M:Microsoft.Extensions.Configuration.NewtonsoftJsonConfigurationExtensions.AddNewtonsoftJsonStream(Microsoft.Extensions.Configuration.IConfigurationBuilder,System.IO.Stream)">
            <summary>
            Adds a Newtonsoft JSON configuration source to <paramref name="builder"/>.
            </summary>
            <param name="builder">The <see cref="T:Microsoft.Extensions.Configuration.IConfigurationBuilder"/> to add to.</param>
            <param name="stream">The <see cref="T:System.IO.Stream"/> to read the json configuration data from.</param>
            <returns>The <see cref="T:Microsoft.Extensions.Configuration.IConfigurationBuilder"/>.</returns>
        </member>
        <member name="T:Microsoft.Extensions.Configuration.NewtonsoftJson.NewtonsoftJsonConfigurationProvider">
            <summary>
            A JSON file based <see cref="T:Microsoft.Extensions.Configuration.FileConfigurationProvider"/>.
            </summary>
        </member>
        <member name="M:Microsoft.Extensions.Configuration.NewtonsoftJson.NewtonsoftJsonConfigurationProvider.#ctor(Microsoft.Extensions.Configuration.NewtonsoftJson.NewtonsoftJsonConfigurationSource)">
            <summary>
            Initializes a new instance with the specified source.
            </summary>
            <param name="source">The source settings.</param>
        </member>
        <member name="M:Microsoft.Extensions.Configuration.NewtonsoftJson.NewtonsoftJsonConfigurationProvider.Load(System.IO.Stream)">
            <summary>
            Loads the JSON data from a stream.
            </summary>
            <param name="stream">The stream to read.</param>
        </member>
        <member name="T:Microsoft.Extensions.Configuration.NewtonsoftJson.NewtonsoftJsonConfigurationSource">
            <summary>
            Represents a JSON file as an <see cref="T:Microsoft.Extensions.Configuration.IConfigurationSource"/>.
            </summary>
        </member>
        <member name="M:Microsoft.Extensions.Configuration.NewtonsoftJson.NewtonsoftJsonConfigurationSource.Build(Microsoft.Extensions.Configuration.IConfigurationBuilder)">
            <summary>
            Builds the <see cref="T:Microsoft.Extensions.Configuration.NewtonsoftJson.NewtonsoftJsonConfigurationProvider"/> for this source.
            </summary>
            <param name="builder">The <see cref="T:Microsoft.Extensions.Configuration.IConfigurationBuilder"/>.</param>
            <returns>A <see cref="T:Microsoft.Extensions.Configuration.NewtonsoftJson.NewtonsoftJsonConfigurationProvider"/></returns>
        </member>
        <member name="T:Microsoft.Extensions.Configuration.NewtonsoftJson.NewtonsoftJsonStreamConfigurationProvider">
            <summary>
            Loads configuration key/values from a json stream into a provider.
            </summary>
        </member>
        <member name="M:Microsoft.Extensions.Configuration.NewtonsoftJson.NewtonsoftJsonStreamConfigurationProvider.#ctor(Microsoft.Extensions.Configuration.NewtonsoftJson.NewtonsoftJsonStreamConfigurationSource)">
            <summary>
            Constructor.
            </summary>
            <param name="source">The source of configuration.</param>
        </member>
        <member name="M:Microsoft.Extensions.Configuration.NewtonsoftJson.NewtonsoftJsonStreamConfigurationProvider.Load(System.IO.Stream)">
            <summary>
            Loads json configuration key/values from a stream into a provider.
            </summary>
            <param name="stream">The json <see cref="T:System.IO.Stream"/> to load configuration data from.</param>
        </member>
        <member name="T:Microsoft.Extensions.Configuration.NewtonsoftJson.NewtonsoftJsonStreamConfigurationSource">
            <summary>
            Represents a JSON file as an <see cref="T:Microsoft.Extensions.Configuration.IConfigurationSource"/>.
            </summary>
        </member>
        <member name="M:Microsoft.Extensions.Configuration.NewtonsoftJson.NewtonsoftJsonStreamConfigurationSource.Build(Microsoft.Extensions.Configuration.IConfigurationBuilder)">
            <summary>
            Builds the <see cref="T:Microsoft.Extensions.Configuration.NewtonsoftJson.NewtonsoftJsonStreamConfigurationProvider"/> for this source.
            </summary>
            <param name="builder">The <see cref="T:Microsoft.Extensions.Configuration.IConfigurationBuilder"/>.</param>
            <returns>An <see cref="T:Microsoft.Extensions.Configuration.NewtonsoftJson.NewtonsoftJsonStreamConfigurationProvider"/></returns>
        </member>
        <member name="P:Microsoft.Extensions.Configuration.NewtonsoftJson.Resources.Error_InvalidFilePath">
            <summary>File path must be a non-empty string.</summary>
        </member>
        <member name="P:Microsoft.Extensions.Configuration.NewtonsoftJson.Resources.Error_JSONParseError">
            <summary>Could not parse the JSON file. Error on line number '{0}': '{1}'.</summary>
        </member>
        <member name="M:Microsoft.Extensions.Configuration.NewtonsoftJson.Resources.FormatError_JSONParseError(System.Object,System.Object)">
            <summary>Could not parse the JSON file. Error on line number '{0}': '{1}'.</summary>
        </member>
        <member name="P:Microsoft.Extensions.Configuration.NewtonsoftJson.Resources.Error_KeyIsDuplicated">
            <summary>A duplicate key '{0}' was found.</summary>
        </member>
        <member name="M:Microsoft.Extensions.Configuration.NewtonsoftJson.Resources.FormatError_KeyIsDuplicated(System.Object)">
            <summary>A duplicate key '{0}' was found.</summary>
        </member>
        <member name="P:Microsoft.Extensions.Configuration.NewtonsoftJson.Resources.Error_UnsupportedJSONToken">
            <summary>Unsupported JSON token '{0}' was found. Path '{1}', line {2} position {3}.</summary>
        </member>
        <member name="M:Microsoft.Extensions.Configuration.NewtonsoftJson.Resources.FormatError_UnsupportedJSONToken(System.Object,System.Object,System.Object,System.Object)">
            <summary>Unsupported JSON token '{0}' was found. Path '{1}', line {2} position {3}.</summary>
        </member>
    </members>
</doc>
